first_name,last_name,company,id,email
Liza,Whether,Wehner-White,032e6f26-8752-44a2-ae44-c2f917221ba3,lwhether1@sogou.com
Camel,Tatersale,Marquardt Group,dd0156e7-06b4-4ced-942a-20d97d1148f7,ctatersale3@who.int
Maddy,Oxborough,Walsh and Sons,c7e9b85f-53b5-416a-b4fd-f982ade66182,moxborough4@macromedia.com
Vanni,Neligan,Fahey-Vandervort,c5537f7a-bb38-4dc8-851d-c0e7c583f294,vneligan5@about.com
Bili,Cordner,Rath-Reichert,4c0e9093-6ac8-4b41-ba66-8fe2366d7105,bcordner6@cam.ac.uk
Bridget,Caplin,Yundt LLC,cee5ed93-1ca5-4176-bac1-bf8851cb903b,bcaplin7@engadget.com
Mickey,Rigeby,Nitzsche and Sons,1ae8566b-3def-45fa-8ffd-95eb53105f68,mrigeby8@whitehouse.gov
Christabella,Norwell,Wehner Inc,e688f275-1b19-4730-b235-4a2c31aafb6c,cnorwella@sohu.com
Alva,Kembry,Bernier-Hickle,d9b6814b-e083-4632-8d21-317c77ef4af8,akembryb@wordpress.com
Samaria,Crosscombe,Daugherty Group,895adc7f-2d2a-4a51-8770-1d3efd1b4d5b,scrosscombec@sphinn.com
Tierney,Cubberley,White-MacGyver,48db363d-c641-46c3-8860-cedb689f6d3c,tcubberleyd@odnoklassniki.ru
Maggi,Lathwood,Walter-Cassin,1bc22265-d2a0-40c1-a6d0-53b0944df4c6,mlathwoodf@foxnews.com
Maurise,Klausewitz,Runolfsdottir Inc,e4184c68-eba6-4a11-9520-900022612dfb,mklausewitzg@va.gov
Leanna,Tasker,Adams-Sporer,2f3665d4-4525-42e0-83ed-d012dbeda446,ltaskerh@nih.gov
Mallissa,Erdely,Terry-Gutmann,7964d492-fd2a-433d-b541-a5554421df26,merdelyi@biblegateway.com
Wayne,Castiblanco,Shields-Rutherford,fb573df8-2575-4c82-80a1-fafefc7e9f2f,wcastiblancok@domainmarket.com
Dorita,Fotheringham,Yundt-Connelly,008059c3-c8f1-4a96-8396-462fef237c78,dfotheringhamn@netvibes.com
Burch,Matschek,Dare and Sons,6376c63d-ea7c-427b-b341-dd4d88db72fb,bmatschekq@storify.com
Winston,Braiden,Auer-Ward,70750fb8-b711-43c3-93d9-1d60a090252a,wbraidenr@hc360.com
Temp,Worts,Ferry-Sanford,2ed73802-b98d-42ba-beb6-0154043be8e4,twortss@pen.io
Lyda,Rieger,Gislason-Crona,8b7e9335-17e0-4a4b-928d-cca65fa159d2,lriegert@networkadvertising.org
Kattie,McGoldrick,Yundt Group,4b8dd7bf-c7a2-4431-8722-84add20c2bf8,kmcgoldricku@cnn.com
Marline,Bruhke,Ledner-Adams,7a67fef6-8a22-40f3-9458-b1a84c057df1,mbruhkev@com.com
Lazarus,Asif,Anderson-Schoen,94218ac0-1078-4834-aecb-86c6e1068a8f,lasifw@drupal.org
Van,Ewles,Flatley-Bartell,76481f02-aa5e-4e5b-9a07-7359f8ddc2a1,vewlesx@fc2.com
Gabe,Vernalls,Johnson-Thiel,ea1d0b5e-879c-4180-9a6d-bf45bb5911ff,gvernallsz@mac.com
Wayland,Plascott,Littel and Sons,cf818798-e3f8-4edd-a28b-b788d7756058,wplascott13@uiuc.edu
Hastie,Rolingson,Bernhard-Blanda,41cf9add-a408-454e-bfba-69feb64c445c,hrolingson14@yale.edu
Buiron,Ropkins,Swift Group,8853599f-f3ed-41fe-aa78-90707a20878d,bropkins15@meetup.com
Kenon,Pountney,Wisoky-Mayer,1365f882-d23c-4e0d-962d-cda9e9e3ca69,kpountney16@omniture.com
Howard,Holdworth,Auer-Turcotte,fe33a915-0b4f-4914-aa77-22dee7e8a9e5,hholdworth19@slashdot.org
Selie,Moreside,Heaney-Beatty,bf8c9a3d-a8ab-4f03-be7c-9a3255d8c20a,smoreside1a@jalbum.net
Gerardo,Freemantle,Lemke-Jones,5fd6c415-ca20-4c71-81dc-5f511095b6ec,gfreemantle1b@tripadvisor.com
Cristie,Joscelyne,Considine-Effertz,14cc68d1-fe0d-4cc7-b700-a0a3da20e9ce,cjoscelyne1e@reverbnation.com
Chadwick,Mee,Padberg-Cremin,0c2a782e-fe6b-4a1a-9a33-dc8c4611c540,cmee1f@google.com
Daphna,Tibbles,Johns Group,1e8dc85d-6d96-469e-b1c1-23de09acaebf,dtibbles1i@eventbrite.com
Rory,Pitchford,Fahey LLC,322f097d-5ef2-4865-8c32-d0622547b83d,rpitchford1j@ezinearticles.com
Perri,Poli,Smith Inc,e2d0fec3-d160-40dd-b5dc-7223383a7eaa,ppoli1k@mozilla.org
Renate,Braniff,Pacocha-Klocko,3ed8732b-f0ab-4a82-880b-21aed40b1336,rbraniff1l@baidu.com
Catriona,Clotworthy,Reilly and Sons,5b2b3cae-659a-4f47-ae78-b93a2c772523,cclotworthy1o@who.int
Bella,Edes,Williamson Inc,0ee65567-d7aa-4baa-90d7-2545ba40770f,bedes1p@delicious.com
Bird,Kesley,Kuvalis-Durgan,327a9d09-1543-4b26-b4ab-3180b722d9f9,bkesley1q@istockphoto.com
Saloma,Bagg,Funk Group,2b0a3ffc-38bb-4849-8198-19f361fcb6e9,sbagg1r@mashable.com
Meade,Tune,Lubowitz Group,2b695f02-e08d-4e50-abe4-59f3f418d038,mtune1s@china.com.cn
Kerby,Aldrich,Mueller-O'Keefe,30da950f-75ac-4d35-a587-2a635418b388,kaldrich1t@timesonline.co.uk
Vanya,Saint,Schmidt-Yundt,bac05121-b180-4b7e-8fac-820b5301cc17,vsaint1v@freewebs.com
Rebekkah,Derwin,Cronin Group,526873fa-91b1-4909-8419-fbe542500adf,rderwin1w@drupal.org
Atlante,Memmory,Moen Group,752cc6c8-30d4-409a-983b-1f10611f66eb,amemmory1x@51.la
Leonora,Carwardine,Toy LLC,41318f28-377f-40c9-9e1d-1842e994128d,lcarwardine21@ucoz.com
Donnajean,Wrightam,Funk-Mayert,81e0a6ac-104e-4466-8cb0-4054695d407f,dwrightam24@chronoengine.com
Sherri,Kernar,Thompson Inc,722938e8-5c74-4fab-a3ec-1ba34b21c377,skernar25@bloomberg.com
Palmer,Knight,King Inc,7d15cfd4-583b-47f4-9c20-2835faefb09c,pknight27@auda.org.au
Elwyn,Norheny,Reichel Inc,c73eb435-191c-4091-a2eb-b120e795cdda,enorheny28@kickstarter.com
Jonathon,Scargle,Gleichner Group,b380e21b-f30d-4f1e-a4db-10bbde5eb270,jscargle29@livejournal.com
Abbye,Lamble,Wehner and Sons,d6a66f5d-d80a-4d47-964a-51cf4cb450a4,alamble2a@delicious.com
Lenore,Keaveney,Hilpert LLC,36fc507a-0154-4092-8cec-94bc1ce3c65a,lkeaveney2b@zimbio.com
Melloney,Burston,Bartell-Roob,8e8ab03e-461d-4dab-9697-e947f39e3e7e,mburston2c@geocities.com
Filippa,Lapham,Reilly Group,c8bc9e10-717e-4bf5-9da9-6fb79d66692c,flapham2d@myspace.com
Dotti,Haton,Veum-Hayes,868c3bd3-c461-4981-b86b-46217dc528ad,dhaton2e@prnewswire.com
Bone,Dumbleton,Yost LLC,02fc4386-bb8a-415b-a219-8bd084769ed7,bdumbleton2h@usda.gov
Porty,Lambourne,Romaguera-Balistreri,dd6a7f8d-2130-4d2c-ab33-c5eaecc2c76d,plambourne2i@hhs.gov
Richy,Wonham,Goodwin Inc,28b77b97-9adf-46c2-af0f-580c53ee8ed6,rwonham2j@rakuten.co.jp
Nada,Laughlan,Treutel-Hilll,7c5370b2-cd60-4e9d-a4cc-48c2cb795efa,nlaughlan2l@icio.us
Hilda,Switland,Considine Inc,3c8d7d99-6d20-4bee-a08c-c0aee1aae0c8,hswitland2m@mediafire.com
Julia,Flewin,Hansen Inc,8fb992c8-cb82-482c-b8ad-b87699ca26ec,jflewin2o@economist.com
Marleah,Benzie,Schumm LLC,c8b70d91-2fe7-4020-988f-5c397d319ba7,mbenzie2p@fc2.com
Cesare,Desson,Dickinson and Sons,5cd3cd72-3852-494a-b336-50a0ba730ca1,cdesson2q@slate.com
Shelley,Assender,Quitzon-Crist,702ac8ac-0d4e-4fa5-b308-39105bb0116b,sassender2s@sakura.ne.jp
Urbain,Grimble,Ortiz Group,cffb147b-2d68-4a5f-84cf-8ef250644b50,ugrimble2t@artisteer.com
Erika,Lamerton,Luettgen-Friesen,1203d305-e485-4d8f-a172-c56c7d7ddf4b,elamerton2u@techcrunch.com
Marcos,MacScherie,Hills-Cassin,c98a8691-7cda-4163-b8cf-1ba509f6b9c8,mmacscherie2w@cpanel.net
Sophie,Bosenworth,Feest-Kautzer,bb557320-8f4f-49c5-b618-a9ac6a1bf10d,sbosenworth2x@about.com
Martina,Ardling,Johns Group,32367e41-f946-4de7-b6de-b3d481c5e85d,mardling2y@wiley.com
Gilligan,Bloom,Roberts LLC,0b09a917-9e97-4314-9b49-5cdf4f782bf3,gbloom2z@earthlink.net
Constanta,Padbery,Bednar-Dare,e2c3b682-a886-48ff-940d-6411e10900c6,cpadbery30@xinhuanet.com
Waneta,Littefair,Schamberger and Sons,3d1c4980-55ad-4f8f-97df-3396bc9bb65b,wlittefair32@github.io
Carleen,Wippermann,Kilback LLC,50f92323-93bf-4740-9b4f-8b5e386ef2aa,cwippermann33@livejournal.com
Gayle,Presser,Rath LLC,822efe4b-2df4-4fcc-b58c-78d6192b16a1,gpresser35@shareasale.com
Sterling,Sarjeant,Wolff Inc,1f64d47e-8973-4ebd-9f9d-93b2c8f7388c,ssarjeant36@scientificamerican.com
Hynda,Yakebovitch,Huels Group,df215b27-a42a-4ba9-9b33-54678601e403,hyakebovitch38@arizona.edu
Jan,Rylance,Mohr Inc,71d01ee2-5bc9-48a8-8451-52a79c150d4d,jrylance39@sphinn.com
Nolie,Lambkin,Feil-Blick,3fc45a38-4000-4351-977c-caea8a0b178a,nlambkin3a@histats.com
Harlen,Standell,Hyatt-Spencer,faa91745-15a8-4d4e-b3ee-19dc22819dd7,hstandell3b@webs.com
Brig,Simcoe,Bernhard Group,bb8e62d3-6bf5-48cf-bb16-7706f2b4da8b,bsimcoe3c@independent.co.uk
Waneta,Pettiford,Witting Inc,09f394cf-12b6-404c-8c00-5a17736c2a42,wpettiford3d@domainmarket.com
Cherlyn,Wherry,Lang-White,9bf56ce3-49bf-4793-a304-5a6961e5e8c8,cwherry3e@mapy.cz
Clemmy,Cacacie,Hintz and Sons,70589260-bfad-4b0e-8b62-35b80adf9a68,ccacacie3f@sourceforge.net
Cherry,Larcombe,Heathcote and Sons,e231f2cd-d961-4634-bab1-26fee5ff3bad,clarcombe3g@nydailynews.com
Lyndy,Caffin,Sipes Group,2c18730c-b183-4040-a6a7-88b6e6fa2ea3,lcaffin3k@kickstarter.com
Barbi,Carbert,Gleason Inc,0a3e5101-2ab2-45d5-a774-311c821f7f31,bcarbert3m@rambler.ru
Sybille,Vickarman,Heller Inc,6066a0cf-c441-47b1-8d89-d3448f7c561d,svickarman3n@instagram.com
Nara,Haxby,Lynch-Block,620f14b4-d3da-48c4-bd32-79b2daafe4ee,nhaxby3o@surveymonkey.com
Adan,Minnette,Harber Inc,d7a29301-f33f-41c6-b83f-dbee23716f94,aminnette3p@lulu.com
Judy,Scruby,Feeney LLC,d57123c8-b6b6-4e08-8867-88334188ae1c,jscruby3t@privacy.gov.au
Buck,Jaukovic,Flatley-Mante,f43a5949-7a58-4052-9d32-07614e5b8187,bjaukovic3u@51.la
Rosaline,Darycott,Halvorson-Pacocha,a6ef23e1-a950-4761-b8b8-001368bd3791,rdarycott3w@hao123.com
Lynde,Courcey,Botsford Inc,4bfa27d8-7dc4-456e-9dc1-0a6f8200620f,lcourcey3z@adobe.com
Risa,Pethybridge,Hettinger LLC,67fb36a8-2396-4473-baeb-1b9c855e6870,rpethybridge41@nhs.uk
Westley,Moyler,Kirlin-Swaniawski,e64f71f0-306f-4561-9773-1f103e9ae90a,wmoyler42@bloglovin.com
Eleonora,New,Rippin-Fahey,a7da3ba7-abe6-4ba5-9c71-48f331b5ad4f,enew43@disqus.com
Walker,Cast,Volkman-Borer,ca8c310c-4e1a-4d2c-b56f-417759be1a85,wcast44@uol.com.br
Ina,Kantor,O'Reilly-Walsh,daa98954-532d-4462-90e3-3acc0e1ba018,ikantor45@economist.com
Melosa,Schoolcroft,Heller LLC,bf26a497-c401-427b-bde4-7e8f03297a02,mschoolcroft46@harvard.edu
Doro,Chotty,Schimmel and Sons,42da51b9-150c-42fd-9361-00560673e75b,dchotty48@macromedia.com
Delinda,Pauleau,Carter-Braun,f1c746dc-8fc6-4746-9b19-9a887ec8612a,dpauleau49@ning.com
Breena,O'Fairy,Tillman-Jast,4522fd7e-6ec2-44f2-8cd0-bba62c684305,bofairy4a@i2i.jp
Clemente,Grimmert,Crooks and Sons,e8cc4113-985a-4505-ac37-3886f3dcc544,cgrimmert4b@clickbank.net
Jenilee,Grane,Brown-Bins,b4ac138b-a992-4d04-835f-c3c013db01b4,jgrane4c@ucoz.com
Cesar,Matveyev,Koch Group,180e33e1-9566-4d7a-aa5c-0203fcbbf8b4,cmatveyev4e@icio.us
Sutherland,Durman,Connelly-Heller,0379f205-cd3d-4b6e-b220-23221bf253bd,sdurman4f@mtv.com
Chelsey,Phythian,McGlynn Inc,1c5572ac-1b8d-4470-a800-f3bf1fefe3c1,cphythian4g@apache.org
Nadia,Joseph,Nienow-Wintheiser,2d21c1bd-c6e9-4fe2-ae1b-7603ed714cf0,njoseph4i@studiopress.com
Alison,Tchaikovsky,Ortiz and Sons,5b41b219-3429-4410-8a6d-7dbec04181ae,atchaikovsky4n@trellian.com
Feodora,Gallaway,Jaskolski-Gibson,ee106055-e11a-4e2d-8b02-3903d8e5ec04,fgallaway4o@woothemes.com
Jodee,McNair,Tromp Group,d024217c-0626-4b82-aea3-0b3457f7d2d3,jmcnair4p@netscape.com
Rooney,Hazlehurst,Cartwright Group,202304ff-847c-4215-a885-f2c7dfab1ce0,rhazlehurst4q@dailymail.co.uk
Saxe,Fitch,Lockman-Wolff,ee260db4-c5c7-4ebf-b03d-ec1f2ba1c422,sfitch4r@alexa.com
Ferdinande,Stobbs,Kilback Inc,e9a1ea73-bb3b-47d4-8b54-63531f94f1df,fstobbs4t@webmd.com
Maryann,Scohier,Harvey-McCullough,d4fa88a8-4114-4321-8dfb-b58de3b0a6b5,mscohier4u@baidu.com
Tandy,Cartan,Bogisich-Rempel,dea7329a-c44b-4613-a4ea-0fbf4714e79c,tcartan4w@163.com
Margo,Dismore,Mohr LLC,f21a6b0e-3cc4-442c-8e85-cd8fb3dc6338,mdismore4x@issuu.com
Lockwood,Brewers,Kassulke Inc,19a2f40b-3409-4a33-a5ea-7dffe01ac925,lbrewers4y@sogou.com
Vincent,Berka,Rau-Langworth,b6f32377-0d73-4cb3-938b-c919b7cd2a17,vberka50@loc.gov
Lesley,Camplen,Ziemann Group,acfded2e-41f9-4a2d-80d0-15066c6a5358,lcamplen53@ox.ac.uk
Oates,Snelson,Goodwin-Becker,7df2fc7b-b20c-48d0-b5bb-2983766935a3,osnelson54@hc360.com
Shay,Corre,O'Conner-Adams,8f3b74f0-a32a-4cc1-a12d-ca4e1886491d,scorre55@blogger.com
Hercules,Camplin,Bartoletti and Sons,ecddb835-495a-4ff5-9041-36c2ce334866,hcamplin57@wunderground.com
Corbet,Lilliman,Stoltenberg and Sons,48ade4fa-c36f-4a03-962c-52c893cf8d62,clilliman58@gov.uk
Hall,Semiraz,Effertz-Balistreri,8ca50fbe-c311-42bb-a1f9-ac56f0682645,hsemiraz59@admin.ch
Rustin,Withrington,Crona-Murazik,3267274a-9331-4361-be63-e03f998e7d29,rwithrington5b@posterous.com
Petunia,Duke,Mraz and Sons,8a48506e-5fb3-4476-b429-5854ce7a0e76,pduke5c@irs.gov
Mercedes,Simenet,Carroll-Champlin,71c8cd61-34d8-4002-8a2d-a95fb7ab1eeb,msimenet5f@abc.net.au
Ray,Eisak,Grant LLC,2feae135-4f13-4f0f-8238-313c75562c1f,reisak5j@wp.com
Elsinore,Rape,Borer Inc,0baaf14d-a63f-4688-92e3-471e126cf89c,erape5k@hud.gov
Cecilla,Fortescue,Schroeder Inc,86352515-e889-4e8d-9166-b4d2b37b2c9a,cfortescue5l@domainmarket.com
Tamma,Indgs,Ortiz Group,9776090f-c5a6-4df5-99ed-0928f40b12bf,tindgs5o@51.la
Gianna,Dussy,Stehr Group,4f272f89-5506-4361-9c5f-f8c6e26f50c4,gdussy5p@surveymonkey.com
Trescha,Merrill,Crona Group,236d5a08-cc1f-45c9-84b3-7a13f72b43d4,tmerrill5q@go.com
Adena,Kienlein,Harris-Jakubowski,627d8e84-d348-474b-ac88-f33212c2fdc4,akienlein5r@wiley.com
Marley,Corinton,Quigley Group,8f6194be-77e9-40e1-a43c-6691a91d8895,mcorinton5s@statcounter.com
Nolana,Phillips,Hintz-Yost,5ae03045-70bf-43a4-9a5e-5ec27bf425d5,nphillips5t@surveymonkey.com
Dode,Vanner,Wunsch LLC,2a5bdd1e-680f-4132-b3fd-f346cde78efe,dvanner5u@ed.gov
Keane,Lissemore,Nicolas-Mohr,21ec7dbf-a435-4958-88c8-fcfa62a01f40,klissemore5v@opensource.org
Deanne,Woodburne,Daugherty LLC,d9bdeb5b-ede3-4fe5-ae98-103a657a36d5,dwoodburne5w@a8.net
Goran,Finnan,Reichert-Witting,63d0dc42-2fb9-4427-a76f-93ac5e5618f9,gfinnan5x@usgs.gov
Siana,Youde,Conn-Boyer,0b2c089a-9676-4468-a453-9ac6ec852152,syoude5y@cisco.com
Rebecca,Giddins,McGlynn and Sons,09586257-5b77-4104-b032-acdacc0c2c1d,rgiddins5z@fema.gov
Brian,Emslie,Quigley-Dickens,0430ffe0-0ae2-4798-aab6-c87d0d988dad,bemslie61@unblog.fr
Genevieve,Witcherley,Terry-Green,c95bf988-85e0-4ea2-b029-08a7f6a5e0e6,gwitcherley62@ucoz.com
Reggie,MacCambridge,Feil-Berge,79b05424-a69b-4d43-aabc-ad99ccec8183,rmaccambridge64@harvard.edu
Otto,Trorey,Waters-Wiegand,973b9661-aa9f-4a52-b140-17dec212dc0c,otrorey65@theguardian.com
Sari,Beadham,Schumm-Beahan,1706e82d-243c-4eed-b4ad-951c144a5561,sbeadham66@webeden.co.uk
Howard,Likly,Weber-Hand,95038983-2642-4b15-9022-eaa85c2dfff2,hlikly67@constantcontact.com
Margie,Penny,Kertzmann-Kihn,e67c59dc-11a8-4a74-a20e-67eb6bcd15e7,mpenny6a@pagesperso-orange.fr
Vaclav,Bergin,Gutkowski LLC,7d297bda-21ac-490d-8076-6e1f51a299da,vbergin6f@freewebs.com
Hanny,Drage,Hessel-Jacobson,83d010da-28ca-4c65-a631-af566a777272,hdrage6g@nsw.gov.au
Bogey,deKnevet,Mante-Anderson,bb350627-d209-493f-9751-be76090adc6e,bdeknevet6k@taobao.com
Natty,Bradnock,Steuber-Reynolds,7075c93c-84eb-4f90-9f16-269fdee6a36e,nbradnock6l@google.co.jp
Rori,Mapis,Schneider and Sons,20918409-fecc-41a9-96bf-dc2b4217b761,rmapis6m@wikimedia.org
Natala,Olrenshaw,Conn Group,d42c2282-1a52-4784-afda-fe02d683d061,nolrenshaw6n@apple.com
Haydon,Berthomieu,McKenzie-Runolfsson,fd588c42-c80c-4679-816b-811bd060a735,hberthomieu6o@discuz.net
Denice,Pudge,Sawayn and Sons,95be12df-a4d1-470c-be5a-737e109f51c6,dpudge6q@geocities.com
Sheppard,Durnford,Von-Stanton,abbc591b-512e-4d54-a73d-cd772107cef6,sdurnford6t@webeden.co.uk
Elbert,McGlaud,Jakubowski-Pfannerstill,1eaf2b2b-2cfb-4f50-aaeb-0945a84aa40d,emcglaud6w@cpanel.net
Nomi,Moffatt,Boyer-Gleason,568ea65c-e994-4d3f-9909-c24fc30427c2,nmoffatt6x@youtu.be
Flss,Lanon,Macejkovic-Terry,4bfefea6-62e2-49a4-bcad-05e61c2cfe24,flanon70@hostgator.com
Alfy,Woolerton,Ebert Inc,3d1c20f9-752b-4ffb-ad2c-b0221882dd24,awoolerton71@nature.com
Katya,Schruyers,Balistreri-Weber,37349259-5269-4f17-b03c-9018cb143664,kschruyers72@fc2.com
Evey,Brunroth,Windler LLC,9c11ca26-6d01-4552-94dd-bb7cc07e1333,ebrunroth75@examiner.com
Norman,Studders,Hauck and Sons,35692e63-c3b1-46a7-a866-5378471ee38b,nstudders77@mapy.cz
Wallache,Nettleship,Kassulke-Kutch,6a5b60da-fa02-4f61-9504-2d280eae7d15,wnettleship79@sakura.ne.jp
Franny,Ledbetter,Wisozk Inc,7329fff2-8d6c-4811-a5b9-d0ed5956c8df,fledbetter7a@arizona.edu
Vanya,Eady,Stehr-Cruickshank,0d482006-a304-40ec-b44f-a2b326cf27dd,veady7b@dailymail.co.uk
Sinclare,Blaxall,Ward Inc,f8fb5a19-e8b8-4845-8d78-a5427a133f93,sblaxall7c@skyrock.com
Darwin,Sabie,Kuvalis-Klocko,45e23e3e-83cb-4bd7-a157-9cb536354b85,dsabie7d@aboutads.info
Evyn,Demange,Reynolds Group,1ace4dd3-fa1a-4b63-a3d8-1e9d9d262d4f,edemange7e@pcworld.com
Mirabelle,Sayton,Considine-Ebert,d0309956-2b2f-4f7a-9c2e-faae78609442,msayton7f@webeden.co.uk
Zitella,Thurley,Gulgowski LLC,661c7b3c-79dd-48d2-83d4-66d41ddfa3ae,zthurley7g@wikia.com
Willard,Cromblehome,Kuhic LLC,96bf55d0-5d89-4980-bc6f-b0001680bcdd,wcromblehome7j@yahoo.co.jp
Ethel,Schindler,Stokes Group,3f2bc4d7-8064-4f22-bbd1-36e29f966188,eschindler7l@weebly.com
Charis,Echlin,Predovic-Legros,e43b16c9-f95d-4fd1-b62a-db7c0791f5d5,cechlin7m@myspace.com
Selie,Sidary,Reynolds-Koepp,9de1d709-c3b7-40f2-bcc8-a4a75c8c09eb,ssidary7n@t-online.de
Lilah,Busst,Bailey-Wiegand,92cc64c7-490e-48e9-bf0b-f401f2b8b0f7,lbusst7o@dion.ne.jp
Birgit,Coverlyn,Feil and Sons,e83cea50-9915-4297-a6ff-8b35363dafce,bcoverlyn7p@myspace.com
Syman,Aspy,Marquardt-Mraz,e324a752-0039-452d-8994-68f864e54523,saspy7s@1und1.de
Darci,Cramond,Price-Champlin,36d3f22e-8617-411b-8b98-937131dc4c25,dcramond7t@joomla.org
Kirk,Belshaw,Bartell-Heaney,c70e34a7-4137-4ee4-b5a6-333a16b1eefa,kbelshaw7u@ovh.net
Dario,Willars,Cole and Sons,9e7fc131-b697-4128-82cf-f83700079c7b,dwillars7v@phoca.cz
Marlo,Guyver,Quigley LLC,f32a0abc-4297-4bc6-a60c-8a5467f56049,mguyver7w@bing.com
Cinderella,Meakes,Heathcote Inc,19ed7356-e723-4d59-ab74-9c66e8333c0d,cmeakes7y@naver.com
Bertie,Mully,Blanda and Sons,680e80d3-3520-4945-94aa-4ebefc285edf,bmully7z@eventbrite.com
Jessika,Rochewell,Zulauf-Bergnaum,96d8e1af-6e9b-40d6-baa2-f1c55350a8b9,jrochewell80@unblog.fr
Clarey,Pinnick,Robel-Heidenreich,87ee958e-bb37-41e8-97ab-2e2693b0e110,cpinnick81@vkontakte.ru
Raphaela,Bousler,Bashirian-Funk,71e73caf-adc8-455c-b0aa-fdfaf7637bda,rbousler82@icq.com
Humberto,Dupree,Funk-Koepp,c5099e4a-8b12-4150-a376-91c49a855998,hdupree83@prlog.org
Juliet,Bickers,Bogisich-Kling,1cd78c75-fa6e-4418-82d7-8572a16d64ea,jbickers85@paypal.com
Kip,McAughtry,Boyer-Jacobson,081b0060-c0b1-4329-80a3-64da7a8ebb43,kmcaughtry87@ovh.net
Berne,Jess,Gleichner-Osinski,45737b7d-f584-4708-9cb4-9aad0699e54f,bjess8a@people.com.cn
Willie,Bramall,Mertz Group,518670ff-966a-4865-9e2a-21c286378766,wbramall8b@youtube.com
Kalie,Alenin,Barrows Group,1990482f-cc29-4832-91b3-45cd0b4057cb,kalenin8c@alexa.com
Shellie,Vernalls,Waelchi-Bartell,55921936-f648-46e5-af43-4c96304b673b,svernalls8d@fema.gov
Isobel,MacDearmid,Harvey-Bernhard,7d123ecd-29bb-4d4c-a037-810ef63ff30d,imacdearmid8e@hubpages.com
Rosy,Grinston,Gutmann-Schmidt,07b5bf15-190d-4190-9f72-9adec8420d3d,rgrinston8f@meetup.com
Dicky,Huie,Stanton Inc,4a8c8716-1211-4496-9d56-3069c524abb7,dhuie8h@theatlantic.com
Kata,McGhee,Weimann Group,ea251420-b0b0-40d4-bc8f-6fa9ee426698,kmcghee8i@yolasite.com
Lizzie,Eede,Funk Group,0f21fdae-12aa-4c24-81be-55b37567cb4d,leede8j@yelp.com
Maurise,Galtone,West and Sons,0c362e59-fd6a-4976-9088-0f632a455a06,mgaltone8k@weibo.com
Shae,Bulleyn,Greenholt-Gutmann,890e40e5-3f5e-4345-bbbb-cdcddebbeebc,sbulleyn8l@hibu.com
Stevana,Cranmere,Nikolaus Group,233b4041-a94b-4b2d-93de-85ff4d016bc2,scranmere8m@google.cn
Kaitlin,Randals,Weissnat-Champlin,3986a42e-fc56-4354-9ea2-3447c30b8948,krandals8n@un.org
Janeta,Brozek,Mayer-Mraz,98315839-2893-4063-a0c7-851e84eb9acb,jbrozek8p@nhs.uk
Oran,Sieb,Ruecker-Pacocha,0c7aa4cf-f066-4e7b-ba87-ea6e13f24890,osieb8q@sina.com.cn
Benjy,Digger,Von-Smitham,47919427-530f-4a16-8f6e-d9e6c378c036,bdigger8r@tamu.edu
Iorgos,Godmer,Tillman and Sons,a6b841aa-39fd-41dc-bd14-9314d0ac4d33,igodmer8s@globo.com
Jacob,Brehault,Schmeler-Bode,b2c1e522-c0c8-4ee4-af55-3c26ec829f24,jbrehault8t@hud.gov
Codi,Buttrick,Dicki and Sons,726777fa-0f70-4cf6-95ea-bcb0a40cd935,cbuttrick8u@apple.com
Asia,Boundy,Huels Inc,ab860267-ab2b-48b9-8816-322af262e29a,aboundy8w@rediff.com
Ailee,Gration,Koelpin Group,fe88f047-3831-4e50-99cd-54eb7a727372,agration8y@narod.ru
Phillip,Murdy,Kulas Inc,4929d267-f7e6-411c-bb19-8881cfaa78e8,pmurdy90@marriott.com
Dallas,Coalbran,Frami Group,a790a6a7-91f2-4d9d-9f5b-fccfbbbb25ee,dcoalbran92@mysql.com
Perl,Philipsson,Mayert-Oberbrunner,44dba849-d004-4684-a22f-cdf966c20375,pphilipsson93@soup.io
Alain,Sea,Osinski LLC,b9f76860-db11-4480-8779-590fe13fb1db,asea95@paypal.com
Berky,Diss,Mraz-Hills,16359146-a43e-4a5e-bbd8-bb04e8c429e0,bdiss96@economist.com
Trumann,Goldhawk,Cartwright Group,f1464d0b-6a95-4bf3-8260-d0687df4ea60,tgoldhawk97@unesco.org
Myles,Dilrew,Pagac Inc,f1975eb5-108e-4ade-b12b-9bef28054c9d,mdilrew99@godaddy.com
Wiatt,Jozef,Crooks-Crooks,436d9780-d32b-4907-bdf5-b11afca8741e,wjozef9a@example.com
Raine,Aymerich,Hilll-Kessler,f709fc32-7bd6-43f8-9404-b6beb911bfe8,raymerich9b@youtu.be
Irvin,Oakenfull,Fisher-Connelly,733060d0-f895-4eeb-9825-17ffe62977f6,ioakenfull9e@a8.net
Darryl,Dugdale,Prohaska-Lehner,694ed4be-e437-4047-a99d-d5a9506cad66,ddugdale9g@cnbc.com
West,McArte,McClure-Lockman,92e0c89d-82fc-43a4-aeb5-56d626820a15,wmcarte9h@businesswire.com
Abraham,Tattershall,Wehner Inc,af08ffda-d47e-4d6f-9dd7-194b3abbe74a,atattershall9i@wired.com
Selinda,Cunniffe,Koepp-Goldner,bd1fdf3c-5d22-47d6-bc0c-74df541bd76e,scunniffe9j@usnews.com
Vanda,Duncombe,Kautzer and Sons,52a7dcc9-0841-4471-8c26-2f5cd155c2e3,vduncombe9k@oaic.gov.au
Alysa,Parlot,Schuster Group,bb370f09-2fcf-4296-9b7a-262c2bd130cf,aparlot9l@i2i.jp
Erhart,Haulkham,Schimmel-Considine,13d219dd-ca4e-41bf-bf56-b5215ca9aaa8,ehaulkham9m@upenn.edu
Ginny,Dieton,Kihn-Leffler,00f4b43a-3b7e-46c7-a5d0-a46eab0dd946,gdieton9n@japanpost.jp
Engracia,Prinn,Langworth Inc,bef9293b-059d-4221-a317-14d78e5431ee,eprinn9o@nationalgeographic.com
Olly,Stiant,Will-Lang,03f20a4d-7b09-4a18-b31c-c70e8ee391c5,ostiant9p@oakley.com
Ashlan,O'Lynn,Walter-Hahn,b9ebabf6-740e-4125-9e53-bd78908f6003,aolynn9q@marriott.com
Lorettalorna,Marishenko,Langosh Group,5d0a3a8a-a981-45cb-97d0-e650cb059f3d,lmarishenko9r@uol.com.br
Karim,Allberry,Gibson Group,52df2de9-4ab2-4ca6-bbc2-70cc63c850f4,kallberry9s@issuu.com
Vito,Pennacci,Skiles-Romaguera,80b890c8-6b4e-47de-b6ce-37ac2bade698,vpennacci9v@loc.gov
Evey,Harmston,Dicki-Maggio,5a986fae-353f-4a3f-a107-1cd98ae7db44,eharmstona0@123-reg.co.uk
Agustin,Bathow,Turner-Hilpert,37ecefca-aa7b-47f5-9385-e361e50258fe,abathowa2@bing.com
Cody,Crust,O'Keefe Group,455aa5af-ebf2-4522-a00b-3dc9012e03ba,ccrusta3@reuters.com
Sean,Leigh,Crona LLC,a7ca57f4-d09d-43cf-aa00-ad70f9456b1a,sleigha4@wunderground.com
Shay,Gierth,Wunsch Inc,73a2b796-4d07-435e-9edf-ec6c735b18e0,sgiertha6@51.la
Alida,Churms,Collins LLC,019f72c0-5b7c-42d4-941c-ce0e9151624b,achurmsa7@irs.gov
John,Orange,Rosenbaum LLC,f3931a79-0b27-42ef-94de-0380894a156d,jorangeab@mit.edu
Linet,Cornau,Stark Inc,fb64f028-b132-4131-ad50-96a7b067c070,lcornauac@sina.com.cn
Warren,Whyley,Jakubowski-Champlin,35a14d01-3442-463f-9a2d-c5951d2a1cd6,wwhyleyad@cloudflare.com
Siouxie,Gother,Torphy and Sons,a369300d-8331-4855-a0fa-718554d17eff,sgotherae@umn.edu
Alexandr,Gerckens,Hermiston Inc,436baf46-e024-4098-b5e6-0b90b87df609,agerckensaf@statcounter.com
Birgit,Camis,Oberbrunner and Sons,fbc4aca2-ea14-42cf-8da5-b90e711e51ac,bcamisaj@netlog.com
Pauline,Mangeon,Tromp Group,cdadb773-38de-43c7-96e0-884289776e64,pmangeonal@oakley.com
Sherwynd,Simoneau,Mueller Inc,408fc95b-821e-4328-846b-c182e7639ee5,ssimoneauan@ucla.edu
Terence,Peckett,Wiegand-Schoen,19d5beda-1638-40e5-9941-ae5bef7b46c1,tpeckettao@army.mil
Chancey,Webby,Kertzmann and Sons,7e60beca-2e71-47b2-b8b4-9aae19ac6182,cwebbyap@addtoany.com
Dora,Sawfoot,Roberts Inc,8ee54cc0-1a8b-4390-a59c-13f15fbdd606,dsawfootaq@skype.com
Maryanne,Dumbrell,Balistreri-Brekke,947063ea-9daf-4636-b0ee-cffcfa75ad24,mdumbrellar@omniture.com
Yolande,Dicky,Price Group,5a9cf322-a9e8-43ee-b196-16023620abb5,ydickyas@rediff.com
Lucia,Filisov,Reynolds-Ankunding,9ce696f3-b5dd-43f7-b7f1-d2e781566d9a,lfilisovat@nih.gov
Barnaby,Ducham,Kub LLC,d33f7a4d-e00b-4f79-adbd-4eb1ee87d4a3,bduchamau@vistaprint.com
Maud,Sterrick,Flatley and Sons,eba28466-2acb-41cc-954e-2baa3212ebba,msterrickav@furl.net
Antoine,Swenson,Turcotte LLC,6b7049e2-f3dd-4851-ae63-4f035ff78a68,aswensonaw@theglobeandmail.com
Wally,LaBastida,Prosacco Group,052b2675-1dda-4e7c-ae93-963bf2896e9d,wlabastidaax@ow.ly
Nevil,Brient,Littel-Rempel,294fdcfd-918e-4511-a524-17edc9ada739,nbrientay@businessinsider.com
Adair,Agott,Kirlin Inc,5b5d6584-a4b2-4f2f-bf9a-35822bdc0924,aagottb3@myspace.com
Isaak,Bulter,Fritsch and Sons,867894ec-8313-4a7f-ba2f-858a289acfda,ibulterb8@netscape.com
Charles,Kinneally,Beer-Hilll,24abe9cf-12f6-47f3-ab64-3038f996fd68,ckinneallybd@odnoklassniki.ru
Torrin,Palatini,Bashirian Inc,c4389e47-cad3-486a-9529-ce72228e994b,tpalatinibl@dropbox.com
Merry,Prenty,Cruickshank-Weber,6c044b33-5f38-4abd-a752-dd69360c832d,mprentybm@wunderground.com
Donalt,Jecock,Koelpin-Kerluke,52921c1f-026b-4f41-8b68-aa0fa9b3e96b,djecockbo@hostgator.com
Ettore,Sprigg,Lockman-Pfannerstill,375681e5-d02b-41d6-b287-993b20a7e470,espriggbp@census.gov
Jorry,Ends,Skiles-Windler,d3ba5922-97e5-4f8b-9e61-58cc717d5eb0,jendsbq@baidu.com
Natividad,Langtry,Gutkowski and Sons,b0aa8048-df30-4ab0-9842-7f9b8569d80e,nlangtrybr@e-recht24.de
Hobard,Churching,Kemmer-Little,77bddaf9-ee41-4096-a6ab-97e4e6f0f8d6,hchurchingbs@vkontakte.ru
Leone,Mea,Beatty-Weissnat,660b7779-49f3-4c1e-bbf9-cae2fe21b47f,lmeabt@ftc.gov
Carmella,Hattigan,O'Keefe-Wehner,22ad2bfc-8ab1-4c72-9408-9bc69b4c3307,chattiganbu@netvibes.com
Hebert,Ficken,Nader-Schuppe,e664b134-0fa7-4ca3-90b9-36daac2b78fa,hfickenbv@slashdot.org
Waldo,Gatheral,Champlin-Bogisich,2e48ecec-b255-446b-ade7-e5e71f32725b,wgatheralbw@admin.ch
Evangelina,Vasilischev,Waters-Pfeffer,f8b7a174-db56-4f9e-abdd-f0b43e7155b2,evasilischevbx@webeden.co.uk
Gideon,Bonavia,Wunsch and Sons,d8f4c205-446a-463a-982a-c6a0cf346f43,gbonaviabz@last.fm
Aylmer,Fownes,Paucek Group,20e01c49-2602-4995-b8f4-bcda3194e2db,afownesc0@harvard.edu
Aylmer,Duetsche,Braun-Dickens,c493f3ce-640c-4b8e-bc55-60a8b6b99df6,aduetschec1@facebook.com
Gorden,Dell Casa,McCullough and Sons,bad5f52d-0f09-4987-a65c-29e5717aa0fe,gdellcasac2@go.com
Sheeree,Smeath,Beahan Group,f9ca19d3-6b37-4c06-bc9f-71d9069e5e3f,ssmeathc3@google.it
Rodolphe,Callam,Pagac Group,8c42f0c2-f63b-4174-8665-6e64d813b608,rcallamc5@reddit.com
Vitia,Khidr,Schmidt Inc,1ef5f0a7-6ebf-4019-bb46-4fe06e2fa0fc,vkhidrc7@acquirethisname.com
Dulce,Diche,Lueilwitz-Block,d71552e7-b79d-42a3-8206-50993918328b,ddichec8@latimes.com
Glynnis,Guppey,Satterfield-Hansen,bd25a418-f13c-43f0-9513-7c8d132f8751,gguppeyca@histats.com
Carolynn,Bushe,Hintz and Sons,16d8396d-f1d5-4853-9173-642bdf270287,cbushecb@wired.com
Claude,Matelaitis,Jakubowski-Marquardt,6bfcbfd5-6bd7-42dc-835f-d2a527df6e77,cmatelaitiscc@tumblr.com
Farica,Falks,Swaniawski Inc,607d77f2-b2dd-428f-aa98-0db951ef1945,ffalkscd@comcast.net
Hershel,Ramsey,Monahan-Johnston,8a866f43-bcff-4587-9626-26cea5ad2477,hramseyce@liveinternet.ru
Renee,Whetson,Jast-Moore,aabfc497-a385-48e3-b63b-346003a5a201,rwhetsoncf@goodreads.com
Denyse,Derisley,Ernser LLC,68cbfae2-6539-4c11-b525-16b5bb6aa028,dderisleycg@virginia.edu
Kariotta,Matiewe,Fritsch-Stanton,d28c73b9-cdd6-4d31-814c-d70b33f4bdc4,kmatiewech@uiuc.edu
Bibby,Antonioni,Heaney and Sons,f5d5fe3a-b43a-42b2-a13b-a230a8754497,bantonionici@issuu.com
Shandy,Morgen,Lehner and Sons,4c7d65f5-3151-4200-83a6-d7a08f88657b,smorgenck@ifeng.com
Meridith,Brabbins,Boehm-O'Connell,11715e47-56ad-4936-aaa0-329820dd4abd,mbrabbinscl@constantcontact.com
Petrina,Pea,Shields-Runolfsdottir,9e2584a9-67d4-4a0b-8733-4254e05f26d6,ppeacn@spotify.com
Keefe,Scandrett,Cronin Group,074380c8-e661-441f-8bc1-242ecabb01fd,kscandrettco@tinyurl.com
Karyn,Sylvaine,Fisher Group,5f0af405-8aed-4458-be99-d8d9266f62d2,ksylvainecp@tuttocitta.it
Merrick,Doncaster,Pfannerstill and Sons,67068425-31f3-499a-964d-5e3298b95bc6,mdoncastercq@sbwire.com
Zorina,Cuseick,Smitham Inc,a98b34f4-a035-4454-bad2-241e8623fd47,zcuseickcr@skyrock.com
Alameda,Kreuzer,Leuschke-Wyman,ae45d8b7-0b31-4b27-afcb-2d505fe4507b,akreuzercu@sphinn.com
Herrick,Monelli,Hansen Group,9d1e5379-6909-4bb5-ad53-90d43227246e,hmonellicw@census.gov
Giulia,Langstone,Zemlak-Mitchell,d0465fe3-40d6-4d0b-a458-e25294e41c21,glangstonecy@chicagotribune.com
Loretta,Fellgate,McClure LLC,ac7239e6-1f8d-418f-a012-f92fdbacf6d6,lfellgatecz@discovery.com
Terri,Pringer,Harber and Sons,2edb1e78-906f-46d2-9a27-ef5fbbd32e40,tpringerd0@weibo.com
Gallard,Tomaszczyk,Koepp-Rolfson,a33a4802-995d-4f82-839c-74b36050bfee,gtomaszczykd2@fc2.com
Aldin,Stukings,Reichert-Mills,3dfe7f4e-0766-4cd2-a3d6-db3f865d11d4,astukingsd4@comcast.net
Ripley,Civitillo,Stanton Group,c31542a0-0fd8-4ce0-9be3-f4d6d5854e5e,rcivitillod5@nhs.uk
Charis,Raulin,Littel Group,4354443c-e7bc-4521-80a6-f219e1808cd0,craulindb@squarespace.com
Chico,Peake,Cassin-Goldner,f93f3a96-33c1-496a-82bc-f9d6a23e72de,cpeakedd@vk.com
Art,Tomalin,Shanahan-Goodwin,397ff5ca-20e5-4604-bfee-e414846195d9,atomalinde@nature.com
Christen,Atto,Purdy-Jenkins,286851fc-1607-4228-b5a1-5eb4c41f5303,cattodf@nsw.gov.au
Nicolina,Van Arsdalen,Abbott-Wisoky,96b3bdf3-555f-4066-8ee7-d573e9d211eb,nvanarsdalendg@aol.com
Hamel,Dunseith,Harber-Cummings,d3a3b3ac-1d35-4f44-b60a-64170b6382fe,hdunseithdi@hostgator.com
Vevay,Rope,Gleichner LLC,b5222c8e-9955-4668-9eba-4a37ef677827,vropedl@themeforest.net
Nerta,Bruckenthal,Padberg-Rowe,826cac0e-b360-44d4-834e-8479cd8d8b3c,nbruckenthaldn@symantec.com
Andria,Breddy,Hirthe LLC,d8341bfa-f429-47b2-9958-a1a62e0b4a09,abreddydp@google.es
Nell,Streatley,Denesik Group,bbf5a605-a007-4bab-a8c7-7437da2308ff,nstreatleydq@vinaora.com
Siusan,Cervantes,Gerhold Group,74a85272-5aa2-4e1e-af98-bd96bf63e436,scervantesdt@sohu.com
Larina,Heinemann,Nitzsche Inc,7ff1f150-6cc0-4671-af43-79600c8ce284,lheinemanndu@wordpress.org
Tabbi,Matfin,Muller-Baumbach,2a20c405-0642-481f-b235-065bec8096c6,tmatfindv@symantec.com
